id,firstname,lastname,email,avatar,country,status,role,createdat
"1","Caleb","Hamill","Bessie44@yahoo.com","/images/user/30.jpg","Guernsey","offline","User","2025-09-12T11:39:34.916Z"
"2","Stewart","Rosenbaum","Braxton_Ortiz10@hotmail.com","/images/user/2.jpg","Kiribati","online","Admin","2026-06-17T15:56:00.587Z"
"3","Judith","Langosh","Delfina.Graham@hotmail.com","/images/user/3.jpg","Mali","online","User","2025-11-12T03:30:59.030Z"
"4","Ted","Zemlak","Bertrand.Davis24@gmail.com","/images/user/4.jpg","Belarus","offline","Admin","2026-07-27T10:36:00.999Z"
"5","Billy","Deckow","Mark_Kling@yahoo.com","/images/user/5.jpg","Chile","offline","User","2025-11-27T23:06:00.855Z"
"6","Samuel","O'Keefe","Denise_Braun8@gmail.com","/images/user/6.jpg","Sweden","online","User","2026-01-26T13:33:24.979Z"
"7","Raquel","Stiedemann","Rickey.Sporer67@hotmail.com","/images/user/7.jpg","Sudan","offline","Admin","2026-05-09T01:45:38.754Z"
"8","Sophie","Swaniawski","Melody.Reichert@hotmail.com","/images/user/8.jpg","Ethiopia","offline","Admin","2025-08-29T03:46:08.649Z"
"9","Veda","Jaskolski","Wilbert.McDermott@hotmail.com","/images/user/9.jpg","Singapore","online","User","2026-02-10T11:48:57.800Z"
"10","Myrl","Bins-Carter","Cordie.Huel@hotmail.com","/images/user/10.jpg","Denmark","offline","Admin","2025-10-02T18:24:19.294Z"
"11","Hattie","Watsica","Dorothy79@yahoo.com","/images/user/11.jpg","Kyrgyz Republic","offline","Admin","2026-03-02T22:19:56.210Z"
"12","Lisa","Parisian","Joannie67@gmail.com","/images/user/12.jpg","Cameroon","online","Admin","2026-03-01T08:31:09.324Z"
"13","Davin","Ritchie","Zella.Rohan49@yahoo.com","/images/user/13.jpg","Senegal","offline","Admin","2026-02-18T17:53:28.001Z"
"14","Melvin","Schmeler","Demetris.Purdy@gmail.com","/images/user/14.jpg","Taiwan","offline","Admin","2026-03-01T11:11:08.916Z"
"15","Mindy","Schoen","Debra_Johnston58@yahoo.com","/images/user/15.jpg","Eritrea","online","User","2025-08-30T09:05:00.396Z"
"16","Vicky","Bosco","Ellen.Mayer@yahoo.com","/images/user/16.jpg","Finland","offline","Admin","2026-05-22T10:52:29.306Z"
"17","Jose","Dickens","Gillian87@yahoo.com","/images/user/17.jpg","Turks and Caicos Islands","online","Admin","2026-05-04T06:33:45.115Z"
"18","Dwight","Botsford","Retha_Ullrich8@yahoo.com","/images/user/18.jpg","Cuba","online","User","2025-11-21T05:42:34.902Z"
"19","Michele","Turcotte","Erik_Volkman@yahoo.com","/images/user/19.jpg","Jamaica","offline","Admin","2025-09-29T16:52:05.635Z"
"20","Levi","Feil-Miller","Anabelle13@yahoo.com","/images/user/20.jpg","Bhutan","online","User","2025-09-29T12:43:52.785Z"
"21","Winona","Grady","Antwon14@gmail.com","/images/user/21.jpg","Tanzania","online","User","2026-07-23T16:02:43.444Z"
"22","Lavonne","Graham","Ewald_Ledner@hotmail.com","/images/user/22.jpg","French Guiana","offline","User","2026-03-16T01:07:57.993Z"
"23","Leroy","Beatty","Americo10@yahoo.com","/images/user/23.jpg","Timor-Leste","online","User","2026-01-22T13:31:58.015Z"
"24","Ted","Marvin","Jessyca31@yahoo.com","/images/user/24.jpg","Italy","offline","User","2025-11-19T19:22:26.887Z"
"25","Myra","Berge","Elizabeth19@gmail.com","/images/user/25.jpg","Sint Maarten","offline","User","2025-11-04T08:43:12.308Z"
"26","Albert","Thiel","Yasmeen_Kling@hotmail.com","/images/user/26.jpg","Samoa","online","User","2025-08-15T06:50:10.108Z"
"27","Alessia","Pacocha","Desiree.Dare@gmail.com","/images/user/27.jpg","Uzbekistan","online","User","2026-05-06T22:54:56.044Z"
"28","Ted","Green","Kianna8@hotmail.com","/images/user/28.jpg","Monaco","online","Admin","2026-04-23T23:24:31.779Z"
"29","Kathy","Cartwright","Jayme_Walker34@yahoo.com","/images/user/29.jpg","Uruguay","offline","Admin","2025-11-22T19:54:04.654Z"
"30","Sherry","Morar","Jessyca.Hermann10@yahoo.com","/images/user/30.jpg","Libyan Arab Jamahiriya","online","Admin","2026-02-10T04:17:03.107Z"
"31","Merl","Corwin","Murray.Davis44@gmail.com","/images/user/31.jpg","Bulgaria","online","User","2026-02-24T15:45:28.775Z"
"32","Granville","Cremin","Verda.Waelchi@yahoo.com","/images/user/32.jpg","Kenya","offline","Admin","2026-07-31T13:01:04.630Z"
"33","Ben","Bauch-Kuphal","Vicki42@hotmail.com","/images/user/33.jpg","Thailand","online","User","2025-10-16T10:03:47.144Z"
"34","Jim","Veum","Reynold47@hotmail.com","/images/user/34.jpg","Estonia","offline","User","2026-02-18T12:49:52.836Z"
"35","Rochelle","Schumm-Kunze","Agustin_Crist89@yahoo.com","/images/user/35.jpg","Rwanda","offline","User","2026-06-23T10:17:33.364Z"
"36","Tabitha","Buckridge","Buddy58@yahoo.com","/images/user/36.jpg","Iran","online","Admin","2026-01-16T17:30:04.957Z"
"37","Shemar","Kiehn","Kevin76@yahoo.com","/images/user/2.jpg","Libyan Arab Jamahiriya","offline","Admin","2026-06-08T01:04:00.418Z"
"38","Aimee","Corwin","Craig8@hotmail.com","/images/user/38.jpg","Cameroon","offline","User","2026-06-11T09:51:55.247Z"
"39","Joana","Heller","German7@yahoo.com","/images/user/39.jpg","Hungary","offline","Admin","2026-03-17T22:38:20.021Z"
"40","Karen","Williamson","Mireya76@yahoo.com","/images/user/35.jpg","New Caledonia","offline","User","2025-11-14T00:11:40.201Z"
"41","Laury","Bosco","Jacob.Skiles12@gmail.com","/images/user/2.jpg","Gibraltar","online","User","2026-01-17T14:04:40.807Z"
"42","Myron","Thiel-Heaney","Sofia_Hirthe82@yahoo.com","/images/user/3.jpg","Iceland","online","User","2025-11-27T06:15:19.520Z"
"43","Freeda","Parisian","Nayeli_Barrows62@yahoo.com","/images/user/4.jpg","Marshall Islands","offline","User","2025-12-12T14:34:59.192Z"
"44","Shawn","Hickle","Carlos.Nikolaus@yahoo.com","/images/user/5.jpg","Guadeloupe","online","Admin","2026-06-28T09:04:38.901Z"
"45","Savannah","Kling","Bernard.Feest@hotmail.com","/images/user/6.jpg","Malawi","offline","Admin","2025-11-05T10:59:47.830Z"
"46","Alma","Mitchell","Cyrus.Muller@gmail.com","/images/user/7.jpg","Réunion","offline","Admin","2025-12-31T05:39:38.674Z"
"47","Samuel","Wisoky","Roxanne_Wisoky@gmail.com","/images/user/8.jpg","Russian Federation","offline","Admin","2026-02-20T10:12:17.269Z"
"48","Cecelia","Walter","Watson34@yahoo.com","/images/user/9.jpg","Moldova","online","Admin","2025-12-10T04:13:34.842Z"
"49","Kenyon","Hartmann","Lilly56@hotmail.com","/images/user/10.jpg","Oman","online","Admin","2026-04-01T21:32:14.057Z"
"50","Jessica","McDermott","Cynthia_Bradtke@hotmail.com","/images/user/11.jpg","China","offline","Admin","2025-12-25T01:11:14.248Z"
"51","Nora","Rutherford","Norma.Wunsch40@gmail.com","/images/user/12.jpg","Liberia","offline","User","2025-12-25T12:43:38.706Z"
"52","Jason","Dietrich","Marcella_Ullrich@hotmail.com","/images/user/13.jpg","Curaçao","online","User","2025-12-08T16:40:27.768Z"
"53","Issac","Smith","Kylee.Kunde@hotmail.com","/images/user/14.jpg","Saint Vincent and the Grenadines","online","User","2025-09-03T08:30:03.249Z"
"54","Blaise","Kreiger","Jerome1@yahoo.com","/images/user/15.jpg","Mozambique","offline","User","2026-03-13T11:22:33.858Z"
"55","Mariah","Heidenreich","Michael45@hotmail.com","/images/user/16.jpg","Curaçao","offline","Admin","2025-09-04T13:16:37.531Z"
"56","Samanta","Grimes","Albin.Fritsch@yahoo.com","/images/user/17.jpg","Slovenia","online","Admin","2025-10-25T07:03:00.584Z"
"57","Walker","Connelly","Essie.Beatty40@yahoo.com","/images/user/18.jpg","Pitcairn Islands","online","User","2026-05-20T22:58:57.311Z"
"58","Dereck","Price","Jett27@yahoo.com","/images/user/19.jpg","Papua New Guinea","online","Admin","2026-05-28T15:30:18.697Z"
"59","Tito","Bernhard","Cristopher.Bahringer1@hotmail.com","/images/user/20.jpg","Togo","online","Admin","2025-09-01T02:29:18.859Z"
"60","Maryse","Kovacek","Elton_Orn@yahoo.com","/images/user/21.jpg","Iraq","offline","Admin","2025-10-28T13:11:59.974Z"
"61","Jesse","Heller","Lemuel.Batz@gmail.com","/images/user/22.jpg","Antarctica","online","User","2026-07-26T02:23:07.324Z"
"62","Rigoberto","D'Amore","Dax_Shanahan84@yahoo.com","/images/user/23.jpg","Lebanon","online","User","2026-07-20T14:06:49.151Z"
"63","Chloe","Witting","Iris.Raynor84@yahoo.com","/images/user/24.jpg","Spain","offline","User","2025-11-10T11:09:46.690Z"
"64","Serena","Swaniawski","Beverly_Langosh33@hotmail.com","/images/user/25.jpg","Jersey","online","User","2026-01-27T22:49:37.328Z"
"65","Zola","Zboncak","Rhonda17@gmail.com","/images/user/26.jpg","Tokelau","online","User","2026-02-22T18:07:13.373Z"
"66","Faustino","McKenzie","Samir_Johnston63@yahoo.com","/images/user/27.jpg","China","online","User","2026-07-04T04:35:24.176Z"
"67","Valerie","Emard","Ashley26@hotmail.com","/images/user/28.jpg","Norway","offline","User","2026-06-15T09:26:40.478Z"
"68","Carissa","Langworth","Aisha6@gmail.com","/images/user/29.jpg","Saint Helena","offline","Admin","2026-05-24T21:48:36.230Z"
"69","Lulu","Swift","Norma.Rippin75@yahoo.com","/images/user/30.jpg","Peru","offline","User","2026-02-15T15:42:37.617Z"
"70","Mercedes","Zieme","Austen_Mante@hotmail.com","/images/user/31.jpg","Grenada","offline","Admin","2025-12-03T21:52:32.960Z"
"71","Reginald","Dare","Claudine34@gmail.com","/images/user/32.jpg","Saint Lucia","online","Admin","2026-05-27T01:36:15.772Z"
"72","Irene","Kohler","Waylon.Metz67@gmail.com","/images/user/33.jpg","Chile","online","User","2026-03-08T14:08:48.919Z"
"73","Leah","Kassulke","Berta72@gmail.com","/images/user/34.jpg","Philippines","offline","Admin","2026-05-23T03:03:41.017Z"
"74","Jaida","Mayer","Beulah.Johnson45@yahoo.com","/images/user/35.jpg","Somalia","offline","Admin","2026-02-28T20:49:11.502Z"
"75","Ryan","Dibbert","Mario.Haag@hotmail.com","/images/user/36.jpg","South Africa","online","Admin","2025-10-07T22:02:20.760Z"
"76","Lawrence","Kutch","Beatrice66@gmail.com","/images/user/35.jpg","Spain","offline","User","2026-06-23T07:46:59.713Z"
"77","Lane","Lindgren","Fredy35@yahoo.com","/images/user/38.jpg","Japan","offline","Admin","2026-01-19T02:11:16.759Z"
"78","Sabryna","Daugherty","Hugo18@gmail.com","/images/user/39.jpg","Fiji","offline","Admin","2025-10-27T00:46:04.870Z"
"79","Shaun","Bartoletti","Lonnie.Turner@gmail.com","/images/user/35.jpg","Syrian Arab Republic","online","Admin","2026-07-26T23:14:09.898Z"
"80","Pablo","Marquardt","Cindy.Pouros@gmail.com","/images/user/2.jpg","Netherlands","offline","User","2025-11-22T19:01:40.034Z"
"81","Ernest","Dooley","Ericka.Thompson73@yahoo.com","/images/user/3.jpg","Heard Island and McDonald Islands","online","User","2026-03-28T19:13:09.082Z"
"82","Shemar","Kiehn","Sallie71@gmail.com","/images/user/4.jpg","Niue","offline","Admin","2025-09-14T04:35:42.674Z"
"83","Shane","Bode","Winnifred_Ernser@hotmail.com","/images/user/5.jpg","Norway","offline","Admin","2025-12-24T21:59:37.656Z"
"84","Madie","Heathcote","Wayne_Hilll-DuBuque@hotmail.com","/images/user/6.jpg","Romania","online","User","2026-04-18T08:41:45.806Z"
"85","Arden","Anderson","Clementina18@gmail.com","/images/user/7.jpg","Argentina","online","Admin","2025-11-28T14:25:21.192Z"
"86","Darla","Kub","Augustine4@yahoo.com","/images/user/8.jpg","Macao","online","Admin","2025-11-03T09:49:07.672Z"
"87","Cali","Williamson","Mohammad_Strosin@yahoo.com","/images/user/9.jpg","Saint Vincent and the Grenadines","offline","Admin","2026-06-09T00:27:53.762Z"
"88","Irma","Thiel-Schultz","Dion.Pfeffer97@gmail.com","/images/user/10.jpg","Egypt","offline","Admin","2025-10-03T18:52:52.418Z"
"89","Coleman","Bahringer","Mona.Kemmer@gmail.com","/images/user/11.jpg","Dominica","offline","Admin","2026-06-10T17:41:37.847Z"
"90","Imani","Hayes","Naomie1@yahoo.com","/images/user/12.jpg","Myanmar","online","User","2026-02-22T18:35:33.255Z"
"91","Erling","Conroy","Samuel.Kutch@gmail.com","/images/user/13.jpg","Mauritius","offline","Admin","2026-03-28T06:16:02.298Z"
"92","Nancy","Bartell","Greyson37@hotmail.com","/images/user/14.jpg","Somalia","offline","Admin","2026-04-28T18:07:11.704Z"
"93","Belinda","Stracke","Daisy_Wunsch40@yahoo.com","/images/user/15.jpg","Uzbekistan","online","User","2025-08-11T02:50:29.667Z"
"94","Kattie","Koch","Glenn53@gmail.com","/images/user/16.jpg","Saint Helena","online","User","2025-08-29T01:45:48.652Z"
"95","Gaetano","Kunde","Josh15@gmail.com","/images/user/17.jpg","Antigua and Barbuda","online","User","2026-06-01T09:25:34.139Z"
"96","Felicity","Howe","Oral75@gmail.com","/images/user/18.jpg","Saint Helena","offline","Admin","2026-04-08T01:22:50.228Z"
"97","Richard","Reilly","Richard55@yahoo.com","/images/user/19.jpg","Republic of Korea","offline","User","2026-03-11T06:30:52.280Z"
"98","Leonie","Pfeffer","Marsha_Bauch@yahoo.com","/images/user/20.jpg","Ukraine","online","Admin","2026-07-25T10:18:01.580Z"
"99","Vernon","Kozey-Fahey","David19@gmail.com","/images/user/21.jpg","Sao Tome and Principe","offline","Admin","2026-05-05T18:20:27.208Z"
"100","Carlton","Stroman","Angela.Walter@hotmail.com","/images/user/22.jpg","Greece","offline","Admin","2026-06-18T06:45:47.648Z"
"101","Tommie","Flatley","Jo.Osinski@hotmail.com","/images/user/23.jpg","Brazil","offline","User","2026-01-31T08:07:30.875Z"
"102","Sara","Medhurst","Cary.Murray42@hotmail.com","/images/user/24.jpg","New Zealand","offline","User","2026-06-22T10:37:54.294Z"
"103","Lavon","Wiegand","Wilfred_Volkman34@yahoo.com","/images/user/25.jpg","Mali","online","Admin","2025-11-03T14:43:21.384Z"
"104","Rogelio","Tremblay","Vergie19@gmail.com","/images/user/26.jpg","Saint Helena","offline","User","2026-03-25T14:28:34.164Z"
"105","Ilene","Schoen","Sergio_Spencer42@gmail.com","/images/user/27.jpg","Puerto Rico","online","User","2025-11-21T08:21:32.560Z"
"106","Madisyn","O'Hara","Schuyler.Wuckert-Lindgren@gmail.com","/images/user/28.jpg","San Marino","offline","User","2026-06-02T16:08:39.624Z"
"107","Mack","Olson","Darryl40@gmail.com","/images/user/29.jpg","Israel","online","Admin","2026-01-19T18:41:12.439Z"
"108","Fiona","Deckow","Marguerite50@yahoo.com","/images/user/30.jpg","Malaysia","offline","User","2025-11-08T18:34:06.554Z"
"109","Chelsey","Wuckert","Robert_Emmerich@gmail.com","/images/user/31.jpg","Sint Maarten","online","Admin","2026-05-24T19:41:36.403Z"
"110","Julio","Macejkovic-Lowe","Lawson.Altenwerth@hotmail.com","/images/user/32.jpg","Jamaica","online","User","2025-10-02T12:33:05.508Z"
"111","Amanda","Braun","Domenico85@hotmail.com","/images/user/33.jpg","Georgia","offline","Admin","2026-03-02T13:16:47.693Z"
"112","Renee","Gutkowski","Alf71@gmail.com","/images/user/34.jpg","Solomon Islands","online","User","2026-01-30T01:14:19.835Z"
"113","Kaela","Kirlin","Lydia_Gerhold@gmail.com","/images/user/35.jpg","Armenia","offline","Admin","2026-01-03T06:58:03.519Z"
"114","Brain","Anderson","Gene84@gmail.com","/images/user/36.jpg","Czechia","offline","Admin","2025-10-04T08:39:58.721Z"
"115","Lonnie","Reynolds","Clementine12@hotmail.com","/images/user/22.jpg","American Samoa","online","Admin","2025-10-18T06:32:07.657Z"
"116","Meredith","Kautzer","Pearlie_Nienow@hotmail.com","/images/user/38.jpg","Afghanistan","online","User","2026-04-13T12:41:13.710Z"
"117","Madalyn","Cassin","Brook.Glover@hotmail.com","/images/user/39.jpg","Congo","online","Admin","2026-03-27T09:59:55.234Z"
"118","Camille","Howell","Benton_Feil-Quitzon1@hotmail.com","/images/user/35.jpg","Norfolk Island","offline","User","2025-10-15T05:19:55.089Z"
"119","Joseph","Herzog","Oscar.Schoen61@yahoo.com","/images/user/2.jpg","Estonia","offline","User","2025-08-29T19:20:01.372Z"
"120","Doris","Rutherford","Freda.Funk18@yahoo.com","/images/user/3.jpg","Guernsey","online","Admin","2026-03-25T08:14:41.855Z"
"121","Eldora","Watsica","Hayley_Hilll72@gmail.com","/images/user/4.jpg","Lesotho","online","Admin","2026-06-29T13:37:49.189Z"
"122","Louis","Rodriguez","Alysa_Goyette@gmail.com","/images/user/5.jpg","Myanmar","online","Admin","2026-02-24T05:18:13.563Z"
"123","Reina","Kemmer","Chester_Quigley@gmail.com","/images/user/6.jpg","Jordan","offline","Admin","2026-06-20T18:14:09.968Z"
"124","Seth","Breitenberg","Branson.Runte58@gmail.com","/images/user/7.jpg","Mexico","offline","Admin","2026-02-21T01:11:38.724Z"
"125","Aurore","Weimann","Omar.Stoltenberg70@gmail.com","/images/user/8.jpg","Macao","offline","Admin","2026-01-01T12:42:04.418Z"
"126","Marlee","Stracke","Juan54@hotmail.com","/images/user/9.jpg","Belgium","offline","User","2026-01-19T18:08:57.489Z"
"127","Hardy","Krajcik","Kristin_Cummings@hotmail.com","/images/user/10.jpg","Panama","online","Admin","2026-05-04T14:25:20.329Z"
"128","Louise","Huel","Kiara.Zboncak@gmail.com","/images/user/11.jpg","Japan","online","User","2026-06-24T19:34:53.553Z"
"129","Jordane","Gleichner","Dallin59@gmail.com","/images/user/12.jpg","Turks and Caicos Islands","online","User","2025-10-16T02:44:09.411Z"
"130","Robin","Walker-Terry","Paula_Prohaska@gmail.com","/images/user/13.jpg","Czechia","online","Admin","2026-08-01T22:36:34.410Z"
"131","Ezequiel","Rau","Mose.Hamill@hotmail.com","/images/user/14.jpg","Mauritius","offline","User","2026-01-14T14:56:19.882Z"
"132","Dagmar","Johnston","Calvin19@hotmail.com","/images/user/15.jpg","Gibraltar","offline","Admin","2025-12-26T17:57:47.405Z"
"133","Jeff","Erdman","Deven.OReilly@yahoo.com","/images/user/16.jpg","Venezuela","online","User","2025-11-18T23:08:52.158Z"
"134","Alberta","Swaniawski","Seth79@hotmail.com","/images/user/17.jpg","Burundi","offline","User","2026-04-30T19:39:11.350Z"
"135","Woodrow","Wuckert","Rachael40@gmail.com","/images/user/18.jpg","San Marino","online","Admin","2025-10-14T06:37:30.753Z"
"136","Allene","Lockman","Darrel.Sporer-Halvorson42@yahoo.com","/images/user/19.jpg","Monaco","offline","User","2026-04-29T06:41:27.155Z"
"137","Lue","Mann","Mabel61@gmail.com","/images/user/20.jpg","Azerbaijan","online","Admin","2026-03-01T20:37:41.094Z"
"138","Harvey","Schneider-Effertz","Laurie.Batz@hotmail.com","/images/user/21.jpg","Grenada","offline","User","2026-02-21T20:20:05.576Z"
"139","Doreen","Predovic","Toni_Stiedemann@yahoo.com","/images/user/22.jpg","Guam","offline","User","2026-07-14T05:05:10.098Z"
"140","Edith","Wilkinson","Brittany_Hartmann-Tremblay77@hotmail.com","/images/user/23.jpg","Saint Helena","offline","Admin","2025-11-06T20:03:24.403Z"
"141","Cameron","Harvey","Antonia.Kiehn11@gmail.com","/images/user/24.jpg","Japan","online","User","2026-03-18T09:30:44.440Z"
"142","Jessica","Herman","Eldridge_Windler@hotmail.com","/images/user/25.jpg","Poland","online","Admin","2025-08-10T19:53:53.029Z"
"143","Leo","Reichert","Kristina.Aufderhar@hotmail.com","/images/user/26.jpg","Virgin Islands, British","online","User","2026-06-27T17:50:40.292Z"
"144","Jan","Grimes","Joey.Reynolds@yahoo.com","/images/user/27.jpg","Turkey","offline","User","2025-12-29T13:41:58.029Z"
"145","Hans","Weissnat","Demetrius.Emard@yahoo.com","/images/user/28.jpg","Zambia","online","User","2025-12-06T01:51:26.768Z"
"146","Dean","Grady","Reinhold92@hotmail.com","/images/user/29.jpg","India","offline","User","2025-10-21T21:34:57.750Z"
"147","Leigh","Stamm","Charley_Romaguera@hotmail.com","/images/user/30.jpg","Falkland Islands (Malvinas)","online","User","2026-02-07T21:47:29.030Z"
"148","Anthony","Ebert-Franey","Helen_Swift@gmail.com","/images/user/31.jpg","Uruguay","offline","User","2025-11-10T07:45:16.433Z"
"149","Chester","Abshire","Nella.Schimmel20@gmail.com","/images/user/32.jpg","Saint Vincent and the Grenadines","online","Admin","2026-06-18T03:05:10.147Z"
"150","Eloise","Nicolas","Rosemarie_Koepp@yahoo.com","/images/user/33.jpg","Micronesia","online","User","2025-12-14T20:01:09.992Z"
"151","Jacky","Wolff-Daugherty","Ron_Kub45@gmail.com","/images/user/34.jpg","Montenegro","offline","User","2026-07-07T02:28:30.031Z"
"152","Lora","Spinka","Everett29@yahoo.com","/images/user/35.jpg","Côte d'Ivoire","online","User","2026-06-25T13:22:20.164Z"
"153","Stanley","Corkery","Silvia.Gleason7@gmail.com","/images/user/36.jpg","Uganda","online","Admin","2026-04-03T16:17:37.968Z"
"154","Shawn","Hamill","Roxane.Senger12@hotmail.com","/images/user/10.jpg","Uzbekistan","offline","Admin","2026-04-16T20:53:19.210Z"
"155","Enrique","Welch","Bob.Schneider@yahoo.com","/images/user/38.jpg","Côte d'Ivoire","offline","Admin","2026-05-18T14:42:33.590Z"
"156","Lucia","Fisher","Kelsi67@yahoo.com","/images/user/39.jpg","Haiti","offline","User","2026-06-19T01:31:47.747Z"
"157","Amely","Will","Ricky22@gmail.com","/images/user/35.jpg","Comoros","online","Admin","2026-06-03T15:41:18.781Z"
"158","Domenica","Hansen","Mindy.Heidenreich76@hotmail.com","/images/user/2.jpg","Andorra","online","User","2026-05-12T06:14:14.961Z"
"159","Gino","Hackett","Kareem.Fadel@hotmail.com","/images/user/3.jpg","Pakistan","offline","User","2025-11-03T04:01:35.558Z"
"160","Orion","Collins","Eleanora.Herman99@gmail.com","/images/user/4.jpg","Martinique","online","User","2026-06-09T02:34:58.333Z"
"161","Janelle","Hermann","Mable_Cormier85@gmail.com","/images/user/5.jpg","Liechtenstein","online","Admin","2026-01-23T13:02:59.997Z"
"162","Reynold","Quigley","Jerod_Lesch82@yahoo.com","/images/user/6.jpg","Bhutan","offline","User","2026-03-22T00:38:53.447Z"
"163","Camille","Kuhic","Kraig7@yahoo.com","/images/user/7.jpg","South Georgia and the South Sandwich Islands","offline","User","2026-05-28T12:45:32.609Z"
"164","Erik","Schoen","Anabelle.Yundt44@yahoo.com","/images/user/8.jpg","Guinea-Bissau","offline","Admin","2025-10-15T12:06:28.688Z"
"165","Meaghan","Koss","Dawn60@hotmail.com","/images/user/9.jpg","Benin","online","Admin","2026-07-21T07:31:07.708Z"
"166","Armand","Mayer","Deondre_Stark49@gmail.com","/images/user/10.jpg","Norway","offline","Admin","2026-03-19T01:25:33.024Z"
"167","Randal","Mraz","Jefferey.Jast40@hotmail.com","/images/user/11.jpg","Botswana","online","Admin","2026-06-19T01:40:26.174Z"
"168","Hilbert","Douglas","Janet.Bergnaum@hotmail.com","/images/user/12.jpg","Bangladesh","online","User","2025-12-05T11:04:28.835Z"
"169","Jennifer","Gutkowski","Kade.Lind50@hotmail.com","/images/user/13.jpg","Burkina Faso","offline","User","2026-07-26T10:15:04.318Z"
"170","Arthur","O'Kon","Ana_Wuckert5@yahoo.com","/images/user/14.jpg","Ghana","online","Admin","2026-03-25T09:12:12.051Z"
"171","Abdul","Gutkowski","Reuben.Nikolaus@yahoo.com","/images/user/15.jpg","Greenland","offline","Admin","2026-01-26T12:24:18.437Z"
"172","Edmond","Carter","Kelli62@yahoo.com","/images/user/16.jpg","France","online","User","2026-03-19T23:20:07.072Z"
"173","Roland","Jast","Jack95@gmail.com","/images/user/17.jpg","Malta","offline","Admin","2025-12-13T16:20:17.629Z"
"174","Freddie","Hodkiewicz","Lucie23@yahoo.com","/images/user/18.jpg","Kuwait","online","User","2026-04-15T02:24:22.232Z"
"175","Birdie","Rempel","Irvin53@yahoo.com","/images/user/19.jpg","Turks and Caicos Islands","online","Admin","2025-11-03T21:35:59.957Z"
"176","Jared","Fisher","Bennie.Hickle@hotmail.com","/images/user/20.jpg","Antarctica","offline","Admin","2025-11-22T14:46:06.217Z"
"177","Amparo","Kunde-Adams","Franz66@hotmail.com","/images/user/21.jpg","Anguilla","offline","Admin","2025-12-20T02:18:28.871Z"
"178","Kristina","Hauck","Johnathan_Hartmann40@yahoo.com","/images/user/22.jpg","Solomon Islands","offline","Admin","2026-05-01T11:51:49.190Z"
"179","Emil","Pfeffer","Carolyn50@hotmail.com","/images/user/23.jpg","China","offline","Admin","2025-10-26T00:15:56.015Z"
"180","Mack","Kautzer","Rachael.Moen-Gusikowski89@hotmail.com","/images/user/24.jpg","Guinea-Bissau","offline","Admin","2026-07-18T15:59:09.650Z"
"181","John","Wyman","Dustin87@hotmail.com","/images/user/25.jpg","Northern Mariana Islands","online","User","2026-01-15T18:32:45.613Z"
"182","Grady","Lindgren","Martha8@yahoo.com","/images/user/26.jpg","Seychelles","offline","User","2025-09-13T22:04:54.826Z"
"183","Stephon","Ledner","Ansley_Cassin41@gmail.com","/images/user/27.jpg","Tokelau","offline","Admin","2026-05-06T14:29:10.812Z"
"184","Micah","Schmeler","Stephanie84@yahoo.com","/images/user/28.jpg","Saudi Arabia","offline","Admin","2026-02-04T00:25:54.725Z"
"185","Jana","Gerhold","Jeramy_Schmitt44@yahoo.com","/images/user/29.jpg","South Georgia and the South Sandwich Islands","offline","User","2025-08-11T04:18:11.401Z"
"186","Anais","Harvey","Rosemarie25@gmail.com","/images/user/30.jpg","Mauritius","online","Admin","2025-12-02T04:30:16.630Z"
"187","Marjorie","Reilly","Nicole_Herzog@yahoo.com","/images/user/31.jpg","Morocco","offline","Admin","2026-01-21T20:33:33.698Z"
"188","Sonja","Leffler","Eliezer.Swift70@gmail.com","/images/user/32.jpg","Palau","offline","Admin","2025-11-13T19:45:23.452Z"
"189","Wendell","Wintheiser","Wilma_Orn-Considine54@hotmail.com","/images/user/33.jpg","Denmark","offline","Admin","2026-06-18T16:56:54.532Z"
"190","Cathrine","Farrell","Justen_Wuckert38@yahoo.com","/images/user/34.jpg","Saint Barthélemy","offline","Admin","2026-03-24T03:13:09.166Z"
"191","Susanna","Bayer","Misty42@gmail.com","/images/user/35.jpg","South Sudan","online","User","2026-05-25T17:06:36.050Z"
"192","Bennie","Harvey","Fred_Nikolaus@gmail.com","/images/user/36.jpg","Nicaragua","online","Admin","2026-04-04T17:30:16.956Z"
"193","Josefina","Gutkowski","Meghan_Raynor@hotmail.com","/images/user/3.jpg","Monaco","offline","User","2026-04-23T17:13:41.216Z"
"194","Sylvia","Lehner","Jermaine_Rutherford18@yahoo.com","/images/user/38.jpg","Bahrain","offline","User","2025-10-20T21:40:35.792Z"
"195","Irma","Emmerich","Karl72@hotmail.com","/images/user/39.jpg","Bhutan","online","User","2026-07-03T18:48:35.154Z"
"196","Teresa","Metz","Laurine_Bartoletti@gmail.com","/images/user/35.jpg","Qatar","offline","Admin","2026-06-02T22:40:12.421Z"
"197","Caroline","Veum","Francesca.Bailey99@gmail.com","/images/user/2.jpg","Niue","online","User","2026-07-05T20:45:44.949Z"
"198","Caroline","Langworth","Destany_Casper5@gmail.com","/images/user/3.jpg","Italy","online","Admin","2026-04-14T17:47:33.374Z"
"199","Tyrone","Hills-Tremblay","Kenya.Prosacco@hotmail.com","/images/user/4.jpg","South Sudan","online","User","2025-11-08T02:25:00.191Z"
"200","Fannie","Mayer","Blair_Schamberger@gmail.com","/images/user/5.jpg","Georgia","online","Admin","2026-03-18T17:54:37.323Z"
